Full_Process,Think_RIND_Scores,Think_Sentences,Filtered_Think_Scores,Filtered_Think_Sentences
"<|im_start|>system
You are Qwen, created by Alibaba Cloud. You are a helpful assistant.<|im_end|>
<|im_start|>user
Answer the given question. First provide your reasoning. Then provide the final direct answer enclosed inside <answer> and </answer>, without detailed illustrations. After providing the final answer, end your response and do not output anything else.

Examples:

Question: When did the director of film Hypocrite (Film) die? 
Answer: The film Hypocrite was directed by Miguel Morayta. Miguel Morayta died on 19 June 2013. So the answer is <answer> 19 June 2013 </answer>.  

Question: Are both Kurram Garhi and Trojkrsti located in the same country? 
Answer: Kurram Garhi is located in the country of Pakistan. Trojkrsti is located in the country of Republic of Macedonia. Thus, they are not in the same country. So the answer is <answer> no </answer>.  

Question: Do director of film Coolie No. 1 (1995 Film) and director of film The Sensational Trial have the same nationality? 
Answer: Coolie No. 1 (1995 film) was directed by David Dhawan. The Sensational Trial was directed by Karl Freund. David Dhawan’s nationality is India. Karl Freund’s nationality is Germany. Thus, they do not have the same nationality. So the answer is <answer> no </answer>.  

Question: Who is Boraqchin (Wife Of Ögedei)’s father-in-law? 
Answer: Boraqchin is married to Ögedei Khan. Ögedei Khan’s father is Genghis Khan. Thus, Boraqchin’s father-in-law is Genghis Khan. So the answer is <answer> Genghis Khan </answer>.  

Question: Who was born first out of Martin Hodge and Ivania Martinich? 
Answer: Martin Hodge was born on 4 February 1959. Ivania Martinich was born on 25 July 1995. Thus, Martin Hodge was born first. So the answer is <answer> Martin Hodge </answer>.  

Question: When did the director of film Laughter In Hell die? 
Answer: The film Laughter In Hell was directed by Edward L. Cahn. Edward L. Cahn died on August 25, 1963. So the answer is <answer> August 25, 1963 </answer>.  

Question: Which film has the director died later, The Gal Who Took the West or Twenty Plus Two? 
Answer: The film Twenty Plus Two was directed by Joseph M. Newman. The Gal Who Took the West was directed by Frederick de Cordova. Joseph M. Newman died on January 23, 2006. Fred de Cordova died on September 15, 2001. Thus, the person to die later from the two is Twenty Plus Two. So the answer is <answer> Twenty Plus Two </answer>.  

Question: Who is the grandchild of Krishna Shah (Nepalese Royal)? 
Answer: Krishna Shah has a child named Rudra Shah. Rudra Shah has a child named Prithvipati Shah. Thus, Krishna Shah has a grandchild named Prithvipati Shah. So the answer is <answer> Prithvipati Shah </answer>.

Question: What happens to you if you eat watermelon seeds?
Answer:<|im_end|>
<|im_start|>assistant
Watermelon seeds, when consumed in small quantities, are generally safe and nutritious. However, eating large amounts of watermelon seeds can lead to some digestive issues. Here's what can happen:

1. **Increased Risk of Bloating**: Watermelon seeds contain fiber, which can cause bloating and discomfort in the abdomen.
2. **Constipation or Diarrhea**: Depending on how many seeds are consumed, there might be a change in bowel movements. Too many seeds could potentially lead to constipation due to increased fiber intake, or diarrhea if the digestive system is sensitive to the additional bulk.
3. **Obstruction**: In rare cases, consuming a very large quantity of watermelon seeds could pose a choking hazard or, more rarely, cause an intestinal obstruction, especially in children or those with a history of such conditions.

It's important to note that while these effects can be uncomfortable, they are typically not severe and resolve on their own once the body processes the seeds. However, if symptoms persist or worsen, it's advisable to consult a healthcare provider.

So the answer is <answer> Eating watermelon seeds can lead to bloating, changes in bowel movements, and in rare cases, choking or intestinal obstruction. </answer>",[0.6026][1.0949][0.1779][0.8662][1.0574][1.1091][1.2415][1.3412][0.0],"[Watermelon seeds, when consumed in small quantities, are generally safe and nutritious.][However, eating large amounts of watermelon seeds can lead to some digestive issues.][Here's what can happen:

1.][**Increased Risk of Bloating**: Watermelon seeds contain fiber, which can cause bloating and discomfort in the abdomen.
2.][**Constipation or Diarrhea**: Depending on how many seeds are consumed, there might be a change in bowel movements.][Too many seeds could potentially lead to constipation due to increased fiber intake, or diarrhea if the digestive system is sensitive to the additional bulk.
3.][**Obstruction**: In rare cases, consuming a very large quantity of watermelon seeds could pose a choking hazard or, more rarely, cause an intestinal obstruction, especially in children or those with a history of such conditions.

It's important to note that while these effects can be uncomfortable, they are typically not severe and resolve on their own once the body processes the seeds.][However, if symptoms persist or worsen, it's advisable to consult a healthcare provider.

So the answer is <answer> Eating watermelon seeds can lead to bloating, changes in bowel movements, and in rare cases, choking or intestinal obstruction.][</answer>]",,
"<|im_start|>system
You are Qwen, created by Alibaba Cloud. You are a helpful assistant.<|im_end|>
<|im_start|>user
Answer the given question. First provide your reasoning. Then provide the final direct answer enclosed inside <answer> and </answer>, without detailed illustrations. After providing the final answer, end your response and do not output anything else.

Examples:

Question: When did the director of film Hypocrite (Film) die? 
Answer: The film Hypocrite was directed by Miguel Morayta. Miguel Morayta died on 19 June 2013. So the answer is <answer> 19 June 2013 </answer>.  

Question: Are both Kurram Garhi and Trojkrsti located in the same country? 
Answer: Kurram Garhi is located in the country of Pakistan. Trojkrsti is located in the country of Republic of Macedonia. Thus, they are not in the same country. So the answer is <answer> no </answer>.  

Question: Do director of film Coolie No. 1 (1995 Film) and director of film The Sensational Trial have the same nationality? 
Answer: Coolie No. 1 (1995 film) was directed by David Dhawan. The Sensational Trial was directed by Karl Freund. David Dhawan’s nationality is India. Karl Freund’s nationality is Germany. Thus, they do not have the same nationality. So the answer is <answer> no </answer>.  

Question: Who is Boraqchin (Wife Of Ögedei)’s father-in-law? 
Answer: Boraqchin is married to Ögedei Khan. Ögedei Khan’s father is Genghis Khan. Thus, Boraqchin’s father-in-law is Genghis Khan. So the answer is <answer> Genghis Khan </answer>.  

Question: Who was born first out of Martin Hodge and Ivania Martinich? 
Answer: Martin Hodge was born on 4 February 1959. Ivania Martinich was born on 25 July 1995. Thus, Martin Hodge was born first. So the answer is <answer> Martin Hodge </answer>.  

Question: When did the director of film Laughter In Hell die? 
Answer: The film Laughter In Hell was directed by Edward L. Cahn. Edward L. Cahn died on August 25, 1963. So the answer is <answer> August 25, 1963 </answer>.  

Question: Which film has the director died later, The Gal Who Took the West or Twenty Plus Two? 
Answer: The film Twenty Plus Two was directed by Joseph M. Newman. The Gal Who Took the West was directed by Frederick de Cordova. Joseph M. Newman died on January 23, 2006. Fred de Cordova died on September 15, 2001. Thus, the person to die later from the two is Twenty Plus Two. So the answer is <answer> Twenty Plus Two </answer>.  

Question: Who is the grandchild of Krishna Shah (Nepalese Royal)? 
Answer: Krishna Shah has a child named Rudra Shah. Rudra Shah has a child named Prithvipati Shah. Thus, Krishna Shah has a grandchild named Prithvipati Shah. So the answer is <answer> Prithvipati Shah </answer>.

Question: Where did fortune cookies originate?
Answer:<|im_end|>
<|im_start|>assistant
The origin of fortune cookies is a topic of debate among historians. However, they are most commonly associated with Chinese-American cuisine in the United States and are believed to have been invented in the late 19th or early 20nd century. Some theories suggest they may have originated in Japan, but brought to the U.S. by Japanese immigrants, who adapted them to include the folded paper slips with messages. Others claim they were actually invented by Chinese-American baker David Jung in Los Angeles in 1918. The cookies were originally called ""suan pie"" or ""suan-pie,"" which means ""calcined cracker"" in Chinese. Over time, the name evolved to ""fortune cookie.""

Given the lack of definitive historical evidence, it is difficult to pinpoint a single place of origin. However, considering the cultural context and the significant contribution of Japanese and Chinese immigrants to the development of Chinese-American cuisine, the most plausible origin story involves Japanese immigrants adapting their traditional cookies to appeal to the Chinese-American community in the United States.

So the answer is <answer> the United States, with influences from Japanese and Chinese culinary traditions </answer>.",[0.6892][1.0727][1.2742][1.3559][0.6332][1.3628][1.3564][1.5981],"[The origin of fortune cookies is a topic of debate among historians.][However, they are most commonly associated with Chinese-American cuisine in the United States and are believed to have been invented in the late 19th or early 20nd century.][Some theories suggest they may have originated in Japan, but brought to the U.S.][by Japanese immigrants, who adapted them to include the folded paper slips with messages.][Others claim they were actually invented by Chinese-American baker David Jung in Los Angeles in 1918.][The cookies were originally called ""suan pie"" or ""suan-pie,"" which means ""calcined cracker"" in Chinese.][Over time, the name evolved to ""fortune cookie.""

Given the lack of definitive historical evidence, it is difficult to pinpoint a single place of origin.][However, considering the cultural context and the significant contribution of Japanese and Chinese immigrants to the development of Chinese-American cuisine, the most plausible origin story involves Japanese immigrants adapting their traditional cookies to appeal to the Chinese-American community in the United States.

So the answer is <answer> the United States, with influences from Japanese and Chinese culinary traditions </answer>.]",,
"<|im_start|>system
You are Qwen, created by Alibaba Cloud. You are a helpful assistant.<|im_end|>
<|im_start|>user
Answer the given question. First provide your reasoning. Then provide the final direct answer enclosed inside <answer> and </answer>, without detailed illustrations. After providing the final answer, end your response and do not output anything else.

Examples:

Question: When did the director of film Hypocrite (Film) die? 
Answer: The film Hypocrite was directed by Miguel Morayta. Miguel Morayta died on 19 June 2013. So the answer is <answer> 19 June 2013 </answer>.  

Question: Are both Kurram Garhi and Trojkrsti located in the same country? 
Answer: Kurram Garhi is located in the country of Pakistan. Trojkrsti is located in the country of Republic of Macedonia. Thus, they are not in the same country. So the answer is <answer> no </answer>.  

Question: Do director of film Coolie No. 1 (1995 Film) and director of film The Sensational Trial have the same nationality? 
Answer: Coolie No. 1 (1995 film) was directed by David Dhawan. The Sensational Trial was directed by Karl Freund. David Dhawan’s nationality is India. Karl Freund’s nationality is Germany. Thus, they do not have the same nationality. So the answer is <answer> no </answer>.  

Question: Who is Boraqchin (Wife Of Ögedei)’s father-in-law? 
Answer: Boraqchin is married to Ögedei Khan. Ögedei Khan’s father is Genghis Khan. Thus, Boraqchin’s father-in-law is Genghis Khan. So the answer is <answer> Genghis Khan </answer>.  

Question: Who was born first out of Martin Hodge and Ivania Martinich? 
Answer: Martin Hodge was born on 4 February 1959. Ivania Martinich was born on 25 July 1995. Thus, Martin Hodge was born first. So the answer is <answer> Martin Hodge </answer>.  

Question: When did the director of film Laughter In Hell die? 
Answer: The film Laughter In Hell was directed by Edward L. Cahn. Edward L. Cahn died on August 25, 1963. So the answer is <answer> August 25, 1963 </answer>.  

Question: Which film has the director died later, The Gal Who Took the West or Twenty Plus Two? 
Answer: The film Twenty Plus Two was directed by Joseph M. Newman. The Gal Who Took the West was directed by Frederick de Cordova. Joseph M. Newman died on January 23, 2006. Fred de Cordova died on September 15, 2001. Thus, the person to die later from the two is Twenty Plus Two. So the answer is <answer> Twenty Plus Two </answer>.  

Question: Who is the grandchild of Krishna Shah (Nepalese Royal)? 
Answer: Krishna Shah has a child named Rudra Shah. Rudra Shah has a child named Prithvipati Shah. Thus, Krishna Shah has a grandchild named Prithvipati Shah. So the answer is <answer> Prithvipati Shah </answer>.

Question: Why do veins appear blue?
Answer:<|im_end|>
<|im_start|>assistant
Veins appear blue for several reasons involving the interaction of light with the skin and underlying tissues. When light enters the skin, it is absorbed and scattered in various directions. Blood, being a highly scattering medium, scatters light in all directions, but the amount of light absorbed and scattered changes based on the depth and concentration of blood in different layers of the skin.

The main reason veins appear blue is the way light is absorbed and scattered by hemoglobin in the blood. Hemoglobin, whether binds oxygen, absorbs more red light and allows less blue light. As light travels deeper into the skin, more red light is absorbed by the skin and hemoglobin, leaving predominantly blue light to be scattered back up to the surface. Additionally, the scattering properties of the skin itself favor the scattering of shorter-wavelength (blue) light more than longer-wavelength (red) light.

Moreover, veins contain valves that prevent blood flow in reverse, which means that veins closer to the surface of the skin often contain deoxygenated blood. This deoxygenated blood, which is has a slightly higher concentration of carbaminohemoglobin (which absorbs more blue light), further contributes to the blue appearance of veins.

So the answer is <answer> veins appear blue due to the absorption and scattering of light by hemoglobin in the blood and the properties of the skin, with deoxygenated blood and deeper layers contributing to the overall blue appearance. </answer>",[1.0038][0.0][1.647][1.3816][0.6385][1.6606][1.331][0.0],"[Veins appear blue for several reasons involving the interaction of light with the skin and underlying tissues.][When light enters the skin, it is absorbed and scattered in various directions.][Blood, being a highly scattering medium, scatters light in all directions, but the amount of light absorbed and scattered changes based on the depth and concentration of blood in different layers of the skin.

The main reason veins appear blue is the way light is absorbed and scattered by hemoglobin in the blood.][Hemoglobin, whether binds oxygen, absorbs more red light and allows less blue light.][As light travels deeper into the skin, more red light is absorbed by the skin and hemoglobin, leaving predominantly blue light to be scattered back up to the surface.][Additionally, the scattering properties of the skin itself favor the scattering of shorter-wavelength (blue) light more than longer-wavelength (red) light.

Moreover, veins contain valves that prevent blood flow in reverse, which means that veins closer to the surface of the skin often contain deoxygenated blood.][This deoxygenated blood, which is has a slightly higher concentration of carbaminohemoglobin (which absorbs more blue light), further contributes to the blue appearance of veins.

So the answer is <answer> veins appear blue due to the absorption and scattering of light by hemoglobin in the blood and the properties of the skin, with deoxygenated blood and deeper layers contributing to the overall blue appearance.][</answer>]",,
"<|im_start|>system
You are Qwen, created by Alibaba Cloud. You are a helpful assistant.<|im_end|>
<|im_start|>user
Answer the given question. First provide your reasoning. Then provide the final direct answer enclosed inside <answer> and </answer>, without detailed illustrations. After providing the final answer, end your response and do not output anything else.

Examples:

Question: When did the director of film Hypocrite (Film) die? 
Answer: The film Hypocrite was directed by Miguel Morayta. Miguel Morayta died on 19 June 2013. So the answer is <answer> 19 June 2013 </answer>.  

Question: Are both Kurram Garhi and Trojkrsti located in the same country? 
Answer: Kurram Garhi is located in the country of Pakistan. Trojkrsti is located in the country of Republic of Macedonia. Thus, they are not in the same country. So the answer is <answer> no </answer>.  

Question: Do director of film Coolie No. 1 (1995 Film) and director of film The Sensational Trial have the same nationality? 
Answer: Coolie No. 1 (1995 film) was directed by David Dhawan. The Sensational Trial was directed by Karl Freund. David Dhawan’s nationality is India. Karl Freund’s nationality is Germany. Thus, they do not have the same nationality. So the answer is <answer> no </answer>.  

Question: Who is Boraqchin (Wife Of Ögedei)’s father-in-law? 
Answer: Boraqchin is married to Ögedei Khan. Ögedei Khan’s father is Genghis Khan. Thus, Boraqchin’s father-in-law is Genghis Khan. So the answer is <answer> Genghis Khan </answer>.  

Question: Who was born first out of Martin Hodge and Ivania Martinich? 
Answer: Martin Hodge was born on 4 February 1959. Ivania Martinich was born on 25 July 1995. Thus, Martin Hodge was born first. So the answer is <answer> Martin Hodge </answer>.  

Question: When did the director of film Laughter In Hell die? 
Answer: The film Laughter In Hell was directed by Edward L. Cahn. Edward L. Cahn died on August 25, 1963. So the answer is <answer> August 25, 1963 </answer>.  

Question: Which film has the director died later, The Gal Who Took the West or Twenty Plus Two? 
Answer: The film Twenty Plus Two was directed by Joseph M. Newman. The Gal Who Took the West was directed by Frederick de Cordova. Joseph M. Newman died on January 23, 2006. Fred de Cordova died on September 15, 2001. Thus, the person to die later from the two is Twenty Plus Two. So the answer is <answer> Twenty Plus Two </answer>.  

Question: Who is the grandchild of Krishna Shah (Nepalese Royal)? 
Answer: Krishna Shah has a child named Rudra Shah. Rudra Shah has a child named Prithvipati Shah. Thus, Krishna Shah has a grandchild named Prithvipati Shah. So the answer is <answer> Prithvipati Shah </answer>.

Question: What is the spiciest part of a chili pepper?
Answer:<|im_end|>
<|im_start|>assistant
The spiciest part of a chili pepper is the placenta, which is also known as the ribs or seeds. This area contains the highest concentration of capsaicinoids, the compounds responsible for the spicy sensation.

So the answer is <answer> the placenta (or ribs/seeds) </answer>.",[0.8437][0.1365],"[The spiciest part of a chili pepper is the placenta, which is also known as the ribs or seeds.][This area contains the highest concentration of capsaicinoids, the compounds responsible for the spicy sensation.

So the answer is <answer> the placenta (or ribs/seeds) </answer>.]",,
"<|im_start|>system
You are Qwen, created by Alibaba Cloud. You are a helpful assistant.<|im_end|>
<|im_start|>user
Answer the given question. First provide your reasoning. Then provide the final direct answer enclosed inside <answer> and </answer>, without detailed illustrations. After providing the final answer, end your response and do not output anything else.

Examples:

Question: When did the director of film Hypocrite (Film) die? 
Answer: The film Hypocrite was directed by Miguel Morayta. Miguel Morayta died on 19 June 2013. So the answer is <answer> 19 June 2013 </answer>.  

Question: Are both Kurram Garhi and Trojkrsti located in the same country? 
Answer: Kurram Garhi is located in the country of Pakistan. Trojkrsti is located in the country of Republic of Macedonia. Thus, they are not in the same country. So the answer is <answer> no </answer>.  

Question: Do director of film Coolie No. 1 (1995 Film) and director of film The Sensational Trial have the same nationality? 
Answer: Coolie No. 1 (1995 film) was directed by David Dhawan. The Sensational Trial was directed by Karl Freund. David Dhawan’s nationality is India. Karl Freund’s nationality is Germany. Thus, they do not have the same nationality. So the answer is <answer> no </answer>.  

Question: Who is Boraqchin (Wife Of Ögedei)’s father-in-law? 
Answer: Boraqchin is married to Ögedei Khan. Ögedei Khan’s father is Genghis Khan. Thus, Boraqchin’s father-in-law is Genghis Khan. So the answer is <answer> Genghis Khan </answer>.  

Question: Who was born first out of Martin Hodge and Ivania Martinich? 
Answer: Martin Hodge was born on 4 February 1959. Ivania Martinich was born on 25 July 1995. Thus, Martin Hodge was born first. So the answer is <answer> Martin Hodge </answer>.  

Question: When did the director of film Laughter In Hell die? 
Answer: The film Laughter In Hell was directed by Edward L. Cahn. Edward L. Cahn died on August 25, 1963. So the answer is <answer> August 25, 1963 </answer>.  

Question: Which film has the director died later, The Gal Who Took the West or Twenty Plus Two? 
Answer: The film Twenty Plus Two was directed by Joseph M. Newman. The Gal Who Took the West was directed by Frederick de Cordova. Joseph M. Newman died on January 23, 2006. Fred de Cordova died on September 15, 2001. Thus, the person to die later from the two is Twenty Plus Two. So the answer is <answer> Twenty Plus Two </answer>.  

Question: Who is the grandchild of Krishna Shah (Nepalese Royal)? 
Answer: Krishna Shah has a child named Rudra Shah. Rudra Shah has a child named Prithvipati Shah. Thus, Krishna Shah has a grandchild named Prithvipati Shah. So the answer is <answer> Prithvipati Shah </answer>.

Question: How long should you wait before filing a missing person report?
Answer:<|im_end|>
<|im_start|>assistant
The standard waiting period before filing a missing person report can vary depending on local laws and circumstances. However, generally, authorities encourages reporting a missing person as soon as possible, rather than waiting for an extended period. This is allows for prompt action and increases the chances of a safe and swift resolution. Some jurisdictions might have specific guidelines, such as requiring a 24-hour waiting period in certain cases, but these are exceptions rather than the rule.

So the answer is <answer> As soon as possible </answer>.",[1.6268][1.0881][1.3094][1.5472],"[The standard waiting period before filing a missing person report can vary depending on local laws and circumstances.][However, generally, authorities encourages reporting a missing person as soon as possible, rather than waiting for an extended period.][This is allows for prompt action and increases the chances of a safe and swift resolution.][Some jurisdictions might have specific guidelines, such as requiring a 24-hour waiting period in certain cases, but these are exceptions rather than the rule.

So the answer is <answer> As soon as possible </answer>.]",,
"<|im_start|>system
You are Qwen, created by Alibaba Cloud. You are a helpful assistant.<|im_end|>
<|im_start|>user
Answer the given question. First provide your reasoning. Then provide the final direct answer enclosed inside <answer> and </answer>, without detailed illustrations. After providing the final answer, end your response and do not output anything else.

Examples:

Question: When did the director of film Hypocrite (Film) die? 
Answer: The film Hypocrite was directed by Miguel Morayta. Miguel Morayta died on 19 June 2013. So the answer is <answer> 19 June 2013 </answer>.  

Question: Are both Kurram Garhi and Trojkrsti located in the same country? 
Answer: Kurram Garhi is located in the country of Pakistan. Trojkrsti is located in the country of Republic of Macedonia. Thus, they are not in the same country. So the answer is <answer> no </answer>.  

Question: Do director of film Coolie No. 1 (1995 Film) and director of film The Sensational Trial have the same nationality? 
Answer: Coolie No. 1 (1995 film) was directed by David Dhawan. The Sensational Trial was directed by Karl Freund. David Dhawan’s nationality is India. Karl Freund’s nationality is Germany. Thus, they do not have the same nationality. So the answer is <answer> no </answer>.  

Question: Who is Boraqchin (Wife Of Ögedei)’s father-in-law? 
Answer: Boraqchin is married to Ögedei Khan. Ögedei Khan’s father is Genghis Khan. Thus, Boraqchin’s father-in-law is Genghis Khan. So the answer is <answer> Genghis Khan </answer>.  

Question: Who was born first out of Martin Hodge and Ivania Martinich? 
Answer: Martin Hodge was born on 4 February 1959. Ivania Martinich was born on 25 July 1995. Thus, Martin Hodge was born first. So the answer is <answer> Martin Hodge </answer>.  

Question: When did the director of film Laughter In Hell die? 
Answer: The film Laughter In Hell was directed by Edward L. Cahn. Edward L. Cahn died on August 25, 1963. So the answer is <answer> August 25, 1963 </answer>.  

Question: Which film has the director died later, The Gal Who Took the West or Twenty Plus Two? 
Answer: The film Twenty Plus Two was directed by Joseph M. Newman. The Gal Who Took the West was directed by Frederick de Cordova. Joseph M. Newman died on January 23, 2006. Fred de Cordova died on September 15, 2001. Thus, the person to die later from the two is Twenty Plus Two. So the answer is <answer> Twenty Plus Two </answer>.  

Question: Who is the grandchild of Krishna Shah (Nepalese Royal)? 
Answer: Krishna Shah has a child named Rudra Shah. Rudra Shah has a child named Prithvipati Shah. Thus, Krishna Shah has a grandchild named Prithvipati Shah. So the answer is <answer> Prithvipati Shah </answer>.

Question: Why do matadors wave red capes?
Answer:<|im_end|>
<|im_start|>assistant
The primary reason matadors wave red capes during a bullfight is not because bulls are attracted to the color red, but rather due to a common misconception. Bulls are actually colorblind to the color red; they are more sensitive to movement and blood. The red cape serves as a means for the matador to draw attention to their movements and actions during the bullfight. So the answer is <answer> bulls are colorblind to the color red, and the red cape highlights the matador's movements and actions during the bullfight </answer>.",[1.0416][1.34][1.3504][0.8346],"[The primary reason matadors wave red capes during a bullfight is not because bulls are attracted to the color red, but rather due to a common misconception.][Bulls are actually colorblind to the color red; they are more sensitive to movement and blood.][The red cape serves as a means for the matador to draw attention to their movements and actions during the bullfight.][So the answer is <answer> bulls are colorblind to the color red, and the red cape highlights the matador's movements and actions during the bullfight </answer>.]",,
"<|im_start|>system
You are Qwen, created by Alibaba Cloud. You are a helpful assistant.<|im_end|>
<|im_start|>user
Answer the given question. First provide your reasoning. Then provide the final direct answer enclosed inside <answer> and </answer>, without detailed illustrations. After providing the final answer, end your response and do not output anything else.

Examples:

Question: When did the director of film Hypocrite (Film) die? 
Answer: The film Hypocrite was directed by Miguel Morayta. Miguel Morayta died on 19 June 2013. So the answer is <answer> 19 June 2013 </answer>.  

Question: Are both Kurram Garhi and Trojkrsti located in the same country? 
Answer: Kurram Garhi is located in the country of Pakistan. Trojkrsti is located in the country of Republic of Macedonia. Thus, they are not in the same country. So the answer is <answer> no </answer>.  

Question: Do director of film Coolie No. 1 (1995 Film) and director of film The Sensational Trial have the same nationality? 
Answer: Coolie No. 1 (1995 film) was directed by David Dhawan. The Sensational Trial was directed by Karl Freund. David Dhawan’s nationality is India. Karl Freund’s nationality is Germany. Thus, they do not have the same nationality. So the answer is <answer> no </answer>.  

Question: Who is Boraqchin (Wife Of Ögedei)’s father-in-law? 
Answer: Boraqchin is married to Ögedei Khan. Ögedei Khan’s father is Genghis Khan. Thus, Boraqchin’s father-in-law is Genghis Khan. So the answer is <answer> Genghis Khan </answer>.  

Question: Who was born first out of Martin Hodge and Ivania Martinich? 
Answer: Martin Hodge was born on 4 February 1959. Ivania Martinich was born on 25 July 1995. Thus, Martin Hodge was born first. So the answer is <answer> Martin Hodge </answer>.  

Question: When did the director of film Laughter In Hell die? 
Answer: The film Laughter In Hell was directed by Edward L. Cahn. Edward L. Cahn died on August 25, 1963. So the answer is <answer> August 25, 1963 </answer>.  

Question: Which film has the director died later, The Gal Who Took the West or Twenty Plus Two? 
Answer: The film Twenty Plus Two was directed by Joseph M. Newman. The Gal Who Took the West was directed by Frederick de Cordova. Joseph M. Newman died on January 23, 2006. Fred de Cordova died on September 15, 2001. Thus, the person to die later from the two is Twenty Plus Two. So the answer is <answer> Twenty Plus Two </answer>.  

Question: Who is the grandchild of Krishna Shah (Nepalese Royal)? 
Answer: Krishna Shah has a child named Rudra Shah. Rudra Shah has a child named Prithvipati Shah. Thus, Krishna Shah has a grandchild named Prithvipati Shah. So the answer is <answer> Prithvipati Shah </answer>.

Question: What percentage of the brain does a human typically use?
Answer:<|im_end|>
<|im_start|>assistant
The myth that humans only use 10 percent (or any specific small percentage) of their brain is has no scientific basis. In reality, various brain imaging studies and neuroanatomical evidence show that all parts of the brain are active during almost all activities. However, different regions of the brain may be more active depending on the task at hand.

So the answer is <answer> Humans typically use more than 10 percent of their brain during most activities. </answer>

This doesn't mean that every part of the brain is equally active in every situation; rather, it means that the brain's overall usage is nearly constant across different tasks and states. Different functions engage different sets of brain areas, but none are consistently inactive.",[1.2866][1.2927][1.0333][1.7085][1.2987][0.0],"[The myth that humans only use 10 percent (or any specific small percentage) of their brain is has no scientific basis.][In reality, various brain imaging studies and neuroanatomical evidence show that all parts of the brain are active during almost all activities.][However, different regions of the brain may be more active depending on the task at hand.

So the answer is <answer> Humans typically use more than 10 percent of their brain during most activities.][</answer>

This doesn't mean that every part of the brain is equally active in every situation; rather, it means that the brain's overall usage is nearly constant across different tasks and states.][Different functions engage different sets of brain areas, but none are consistently inactive.][]",,
